name,int_profile
LEAF_201,LEAFPROF_201
LEAF_202,LEAFPROF_202
LEAF_203,LEAFPROF_203
LEAF_204,LEAFPROF_204
LEAF_205,LEAFPROF_205
LEAF_206,LEAFPROF_206
LEAF_207,LEAFPROF_207
LEAF_208,LEAFPROF_208
LEAF_209,LEAFPROF_209
LEAF_210,LEAFPROF_210
LEAF_211,LEAFPROF_211
LEAF_212,LEAFPROF_212
LEAF_213,LEAFPROF_213
LEAF_214,LEAFPROF_214
LEAF_215,LEAFPROF_215
LEAF_216,LEAFPROF_216
LEAF_217,LEAFPROF_217
LEAF_218,LEAFPROF_218
LEAF_219,LEAFPROF_219
LEAF_220,LEAFPROF_220
LEAF_221,LEAFPROF_221
LEAF_222,LEAFPROF_222
LEAF_223,LEAFPROF_223
LEAF_224,LEAFPROF_224
LEAF_225,LEAFPROF_225
LEAF_226,LEAFPROF_226
LEAF_227,LEAFPROF_227
LEAF_228,LEAFPROF_228
LEAF_229,LEAFPROF_229
LEAF_230,LEAFPROF_230
LEAF_231,LEAFPROF_231
LEAF_232,LEAFPROF_232
LEAF_233,LEAFPROF_233
LEAF_234,LEAFPROF_234
LEAF_235,LEAFPROF_235
LEAF_236,LEAFPROF_236
LEAF_237,LEAFPROF_237
LEAF_238,LEAFPROF_238
LEAF_239,LEAFPROF_239
LEAF_240,LEAFPROF_240
LEAF_241,LEAFPROF_241
LEAF_242,LEAFPROF_242
LEAF_243,LEAFPROF_243
